player_id,player_name,tm_player_id,tm_player_name,confidence,verified,tm_team_name
386390.0,Charles De Ketelaere,,Charles De Ketelaere,100.0,auto,Atalanta BC
148684.0,Nicolò Barella,,Nicolò Barella,100.0,auto,Inter Milan
393039.0,Lazar Samardzic,,Lazar Samardžić,86.7,auto,Atalanta BC
369426.0,Nicolò Fagioli,,Nicolò Fagioli,100.0,auto,ACF Fiorentina
494525.0,Kenan Yildiz,,Kenan Yıldız,83.3,manual,Juventus FC
407944.0,Martin Baturina,,Martin Baturina,100.0,auto,Como 1907
448659.0,Nico Paz,,Nico Paz,100.0,auto,Como 1907
110373.0,Hakan Çalhanoglu,,Hakan Çalhanoğlu,93.8,auto,Inter Milan
363978.0,Adrián Bernabé,,Adrián Bernabé,100.0,auto,Parma Calcio 1913
439534.0,Petar Sucic,,Petar Sučić,81.8,manual,Inter Milan
338275.0,Weston McKennie,,Weston McKennie,100.0,auto,Juventus FC
20874.0,Luka Modric,,Luka Modrić,90.9,auto,AC Milan
425079.0,Matías Soulé,,Matías Soulé,100.0,auto,AS Roma
129903.0,Mario Pasalic,,Mario Pašalić,84.6,manual,Atalanta BC
439607.0,Medon Berisha,,Medon Berisha,100.0,auto,US Lecce
118169.0,Piotr Zielinski,,Piotr Zieliński,93.3,auto,Inter Milan
469507.0,Arthur Atta,,Arthur Atta,100.0,auto,Udinese Calcio
122683.0,Matteo Politano,,Matteo Politano,100.0,auto,SSC Napoli
409221.0,Francisco Conceição,,Francisco Conceição,100.0,auto,Juventus FC
132779.0,Jari Vandeputte,,Jari Vandeputte,100.0,auto,US Cremonese
28421.0,Henrikh Mkhitaryan,,Henrikh Mkhitaryan,100.0,auto,Inter Milan
539559.0,Jesús Rodríguez,,Jesús Rodríguez,100.0,auto,Como 1907
429529.0,Antonio Vergara,,Antonio Vergara,100.0,auto,SSC Napoli
148546.0,Lorenzo Pellegrini,,Lorenzo Pellegrini,100.0,auto,AS Roma
295456.0,Ruslan Malinovskyi,,Ruslan Malinovskyi,100.0,auto,Genoa CFC
343975.0,Nikola Vlasic,,Nikola Vlašić,84.6,manual,Torino FC
366379.0,Khéphren Thuram,,Khéphren Thuram,100.0,auto,Juventus FC
369883.0,Gianluca Gaetano,,Gianluca Gaetano,100.0,auto,Cagliari Calcio
296119.0,Suat Serdar,,Suat Serdar,100.0,auto,Hellas Verona
435108.0,Gvidas Gineitis,,Gvidas Gineitis,100.0,auto,Torino FC
369570.0,Manu Koné,,Manu Koné,100.0,auto,AS Roma
116609.0,Adrien Rabiot,,Adrien Rabiot,100.0,auto,AC Milan
429723.0,Jonathan Rowe,,Jonathan Rowe,100.0,auto,Bologna FC 1909
273539.0,Manuel Locatelli,,Manuel Locatelli,100.0,auto,Juventus FC
372407.0,Kristian Thorstvedt,,Kristian Thorstvedt,100.0,auto,US Sassuolo
423450.0,Kristjan Asllani,,Kristjan Asllani,56.2,manual,Inter Milan
362470.0,Youssouf Fofana,,Youssouf Fofana,100.0,auto,AC Milan
228854.0,Mërgim Vojvoda,,Mërgim Vojvoda,100.0,auto,Como 1907
357956.0,Mattéo Tramoni,,Matteo Tramoni,92.9,auto,Pisa Sporting Club
286828.0,Riccardo Orsolini,,Riccardo Orsolini,100.0,auto,Bologna FC 1909
482453.0,Ebenezer Akinsanmiro,,Ebenezer Akinsanmiro,100.0,auto,Pisa Sporting Club
109149.0,Bryan Cristante,,Bryan Cristante,100.0,auto,AS Roma
346744.0,Antoine Bernede,,Antoine Bernede,100.0,auto,Hellas Verona
362556.0,Éderson,,Éderson,100.0,auto,Atalanta BC
328983.0,Mattéo Guendouzi,,Mattéo Guendouzi,55.2,manual,SS Lazio
367177.0,Simon Sohm,,Simon Sohm,100.0,auto,Bologna FC 1909
327702.0,Michel Aebischer,,Michel Aebischer,100.0,auto,Pisa Sporting Club
289252.0,Albert Gudmundsson,,Albert Gudmundsson,100.0,auto,ACF Fiorentina
118147.0,Danilo Cataldi,,Danilo Cataldi,100.0,auto,SS Lazio
372509.0,Samuele Ricci,,Samuele Ricci,100.0,auto,AC Milan
241020.0,Rolando Mandragora,,Rolando Mandragora,100.0,auto,ACF Fiorentina
373544.0,Nicolò Cambiaghi,,Nicolò Cambiaghi,100.0,auto,Bologna FC 1909
349561.0,Frank Anguissa,,Frank Anguissa,100.0,auto,SSC Napoli
343982.0,Toma Basic,,Toma Bašić,80.0,manual,SS Lazio
401122.0,Kenneth Taylor,,Kenneth Taylor,100.0,auto,SS Lazio
381913.0,Santiago Pierotti,,Santiago Pierotti,100.0,auto,US Lecce
339579.0,Eljif Elmas,,Eljif Elmas,100.0,auto,SSC Napoli
422851.0,Ismaël Koné,,Ismaël Koné,100.0,auto,US Sassuolo
355963.0,Jurgen Ekkelenkamp,,Jurgen Ekkelenkamp,100.0,auto,Udinese Calcio
38128.0,Nemanja Matic,,Nemanja Matić,92.3,auto,US Sassuolo
85070.0,Marten de Roon,,Marten de Roon,100.0,auto,Atalanta BC
371257.0,Hans Nicolussi Caviglia,,Hans Nicolussi Caviglia,100.0,auto,Parma Calcio 1913
141729.0,Stefano Moreo,,Stefano Moreo,100.0,auto,Pisa Sporting Club
336915.0,Scott McTominay,,Scott McTominay,100.0,auto,SSC Napoli
349535.0,Martín Payero,,Martín Payero,100.0,auto,US Cremonese
323678.0,Youssef Maleh,,Youssef Maleh,100.0,auto,US Cremonese
363654.0,Jakub Piotrowski,,Jakub Piotrowski,100.0,auto,Udinese Calcio
362553.0,Jens Odgaard,,Jens Odgaard,100.0,auto,Bologna FC 1909
380711.0,Cheikh Niasse,,Cheikh Niasse,100.0,auto,Hellas Verona
333294.0,Michael Folorunsho,,Michael Folorunsho,100.0,auto,Cagliari Calcio
288894.0,Lassana Coulibaly,,Lassana Coulibaly,100.0,auto,US Lecce
411939.0,Mandela Keita,,Mandela Keita,100.0,auto,Parma Calcio 1913
447544.0,Matteo Prati,,Matteo Prati,100.0,auto,Torino FC
111892.0,Stanislav Lobotka,,Stanislav Lobotka,100.0,auto,SSC Napoli
362683.0,Nahuel Estévez,,Nahuel Estévez,100.0,auto,Parma Calcio 1913
433219.0,Cesare Casadei,,Cesare Casadei,100.0,auto,Torino FC
356176.0,Michel Adopo,,Michel Adopo,100.0,auto,Cagliari Calcio
381792.0,Al Musrati,,Moatasem Al-Musrati,81.0,manual,Hellas Verona
128839.0,Morten Thorsby,,Morten Thorsby,100.0,auto,US Cremonese
330629.0,Marius Marin,,Marius Marin,100.0,auto,Pisa Sporting Club
424834.0,Mikael Ellertsson,,Mikael Egill Ellertsson,95.0,auto,Genoa CFC
476109.0,Cher Ndour,,Cher Ndour,100.0,auto,ACF Fiorentina
136279.0,Roberto Gagliardini,,Roberto Gagliardini,100.0,auto,Hellas Verona
240989.0,Alberto Grassi,,Alberto Grassi,100.0,auto,US Cremonese
320585.0,Jesper Karlström,,Jesper Karlström,100.0,auto,Udinese Calcio
319034.0,Ylber Ramadani,,Ylber Ramadani,100.0,auto,US Lecce
130368.0,Alessandro Deiola,,Alessandro Deiola,100.0,auto,Cagliari Calcio
424280.0,Omri Gandelman,,Omri Gandelman,100.0,auto,US Lecce
446958.0,Warren Bondo,,Warren Bondo,100.0,auto,US Cremonese
447528.0,Giovanni Fabbian,,Giovanni Fabbian,100.0,auto,ACF Fiorentina
407076.0,Oliver Sørensen,,Oliver Sørensen,100.0,auto,Parma Calcio 1913
424806.0,Morten Frendrup,,Morten Frendrup,100.0,auto,Genoa CFC
383847.0,Romano Schmid,,Romano Floriani Mussolini,85.5,auto,US Cremonese
408449.0,Nico Williams,,Nico Paz,85.5,auto,Como 1907
403913.0,Nicola Zalewski,,Nicola Zalewski,100.0,auto,Atalanta BC
337916.0,Pedro Neto,,Pedro,90.0,auto,SS Lazio
378482.0,Lameck Banda,,Lameck Banda,100.0,auto,US Lecce
444679.0,Warren Zaïre-Emery,,Warren Bondo,85.5,auto,US Cremonese
368519.0,Bryan Gil,,Bryan Cristante,85.5,auto,AS Roma
345322.0,Nico González,,Nico Paz,85.5,auto,Como 1907
418589.0,Patrick Wimmer,,Patric,90.0,auto,SS Lazio
448514.0,Pedro Díaz,,Pedro,90.0,auto,SS Lazio
385080.0,Marco Grüll,,Marco Carnesecchi,85.5,auto,Atalanta BC
403859.0,Pape Matar Sarr,,Amin Sarr,85.5,auto,Hellas Verona
105347.0,Jean-Daniel Akpa Akpro,,Jean-Daniel Akpa Akpro,100.0,auto,Hellas Verona
422939.0,Nico González,,Nico Paz,85.5,auto,Como 1907
401173.0,Urko González de Zárate,,Stefan de Vrij,85.5,auto,Inter Milan
444691.0,Christian Ordóñez,,Christian Ordóñez,100.0,auto,Parma Calcio 1913
448050.0,Marc Aguado,,Marc Oliver Kempf,85.5,auto,Como 1907
371281.0,Michael Olise,,Michael Olise,100.0,auto,Bayern Munich
480249.0,Lamine Yamal,,Lamine Yamal,100.0,auto,FC Barcelona
99143.0,Florian Thauvin,,Florian Thauvin,100.0,auto,RC Lens
386153.0,Rayan Cherki,,Rayan Cherki,100.0,auto,Manchester City
367782.0,Mason Greenwood,,Mason Greenwood,100.0,auto,Olympique Marseille
377168.0,Luis Díaz,,Luis Díaz,100.0,auto,Bayern Munich
388098.0,Jérémy Doku,,Jérémy Doku,100.0,auto,Manchester City
415181.0,Arda Güler,,Arda Güler,100.0,auto,Real Madrid
337782.0,Vinícius Júnior,,Vinicius Junior,100.0,auto,Real Madrid
557706.0,Lennart Karl,,Lennart Karl,100.0,auto,Bayern Munich
477985.0,Ibrahim Maza,,Ibrahim Maza,100.0,auto,Bayer 04 Leverkusen
433572.0,Bilal El Khannouss,,Bilal El Khannouss,100.0,auto,VfB Stuttgart
300299.0,Marcus Rashford,,Marcus Rashford,100.0,auto,FC Barcelona
394786.0,Florian Wirtz,,Florian Wirtz,100.0,auto,Liverpool FC
422186.0,Ilan Kebbal,,Ilan Kebbal,100.0,auto,Paris FC
463838.0,Fermín López,,Fermín López,100.0,auto,FC Barcelona
300447.0,Raphinha,,Raphinha,100.0,auto,FC Barcelona
364315.0,Antony,,Antony,100.0,auto,Real Betis Balompié
352825.0,Cody Gakpo,,Cody Gakpo,100.0,auto,Liverpool FC
392361.0,Azzedine Ounahi,,Azzedine Ounahi,100.0,auto,Girona FC
123761.0,Bruno Fernandes,,Bruno Fernandes,100.0,auto,Manchester United
349888.0,Chris Führich,,Chris Führich,100.0,auto,VfB Stuttgart
344949.0,Danel Sinani,,Danel Sinani,100.0,auto,FC St. Pauli
367857.0,Ander Barrenetxea,,Ander Barrenetxea,100.0,auto,Real Sociedad
261212.0,Dani Olmo,,Dani Olmo,100.0,auto,FC Barcelona
119501.0,Serge Gnabry,,Serge Gnabry,100.0,auto,Bayern Munich
331254.0,Phil Foden,,Phil Foden,100.0,auto,Manchester City
303908.0,Giovani Lo Celso,,Giovani Lo Celso,100.0,auto,Real Betis Balompié
419341.0,Valentín Barco,,Valentín Barco,100.0,auto,RC Strasbourg Alsace
239872.0,Nicolas Pépé,,Nicolas Pépé,100.0,auto,Villarreal CF
379868.0,Jude Bellingham,,Jude Bellingham,100.0,auto,Real Madrid
395242.0,Álex Baena,,Álex Baena,100.0,auto,Atlético de Madrid
412831.0,Félix Correia,,Félix Correia,100.0,auto,LOSC Lille
417747.0,Julio Enciso,,Julio Enciso,100.0,auto,RC Strasbourg Alsace
238899.0,Alex Berenguer,,Álex Berenguer,100.0,auto,Athletic Bilbao
437022.0,Alejandro Garnacho,,Alejandro Garnacho,100.0,auto,Chelsea FC
247454.0,Martin Ødegaard,,Martin Ødegaard,100.0,auto,Arsenal FC
297203.0,Pablo Fornals,,Pablo Fornals,100.0,auto,Real Betis Balompié
467776.0,Can Uzun,,Can Uzun,100.0,auto,Eintracht Frankfurt
261021.0,Nadiem Amiri,,Nadiem Amiri,100.0,auto,1.FSV Mainz 05
335696.0,Edu Expósito,,Edu Expósito,100.0,auto,RCD Espanyol Barcelona
377285.0,Takefusa Kubo,,Takefusa Kubo,100.0,auto,Real Sociedad
467223.0,Amine Sbaï,,Amine Sbaï,100.0,auto,Angers SCO
113069.0,Jack Grealish,,Jack Grealish,100.0,auto,Everton FC
361815.0,Yann Gboho,,Yann Gboho,100.0,auto,FC Toulouse
551965.0,Bazoumana Touré,,Bazoumana Touré,100.0,auto,TSG 1899 Hoffenheim
344314.0,Marcus Tavernier,,Marcus Tavernier,100.0,auto,AFC Bournemouth
431667.0,Pablo Pagis,,Pablo Pagis,100.0,auto,FC Lorient
75217.0,Andrej Kramaric,,Andrej Kramaric,100.0,auto,TSG 1899 Hoffenheim
424252.0,Hákon Haraldsson,,Hákon Arnar Haraldsson,95.0,auto,LOSC Lille
295084.0,David Brooks,,David Brooks,100.0,auto,AFC Bournemouth
475462.0,Matias Fernandez-Pardo,,Matías Fernández-Pardo,100.0,auto,LOSC Lille
361732.0,Thiago Almada,,Thiago Almada,100.0,auto,Atlético de Madrid
343435.0,Ritsu Doan,,Ritsu Doan,100.0,auto,Eintracht Frankfurt
426648.0,Maghnes Akliouche,,Maghnes Akliouche,100.0,auto,AS Monaco
300291.0,Romain Del Castillo,,Romain Del Castillo,100.0,auto,Stade Brestois 29
422959.0,Isi Palazón,,Isi Palazón,100.0,auto,Rayo Vallecano
338780.0,Bruno Guimarães,,Bruno Guimarães,100.0,auto,Newcastle United
113747.0,Adrien Thomasson,,Adrien Thomasson,100.0,auto,RC Lens
434138.0,Pablo Barrios,,Pablo Barrios,100.0,auto,Atlético de Madrid
379252.0,Jamie Leweling,,Jamie Leweling,100.0,auto,VfB Stuttgart
244560.0,Aleksandr Golovin,,Aleksandr Golovin,100.0,auto,AS Monaco
401168.0,Mikkel Damsgaard,,Mikkel Damsgaard,100.0,auto,Brentford FC
322671.0,Gauthier Hein,,Gauthier Hein,100.0,auto,FC Metz
339674.0,Mathias Jensen,,Mathias Jensen,100.0,auto,Brentford FC
327905.0,Alexis Claude-Maurice,,Alexis Claude-Maurice,100.0,auto,FC Augsburg
344542.0,Brais Méndez,,Brais Méndez,100.0,auto,Real Sociedad
332867.0,Morgan Gibbs-White,,Morgan Gibbs-White,100.0,auto,Nottingham Forest
484175.0,Yankuba Minteh,,Yankuba Minteh,100.0,auto,Brighton & Hove Albion
444748.0,Jean-Mattéo Bahoya,,Jean-Mattéo Bahoya,100.0,auto,Eintracht Frankfurt
361878.0,Wouter Burger,,Wouter Burger,100.0,auto,TSG 1899 Hoffenheim
108226.0,Mohamed Salah,,Mohamed Salah,100.0,auto,Liverpool FC
353377.0,Bryan Mbeumo,,Bryan Mbeumo,100.0,auto,Manchester United
395692.0,Cole Palmer,,Cole Palmer,100.0,auto,Chelsea FC
430704.0,Arijon Ibrahimovic,,Arijon Ibrahimovic,100.0,auto,1.FC Heidenheim 1846
422737.0,Ernest Poku,,Ernest Poku,100.0,auto,Bayer 04 Leverkusen
438349.0,Diego Moreira,,Diego Moreira,100.0,auto,RC Strasbourg Alsace
349125.0,Nikolas Nartey,,Nikolas Nartey,100.0,auto,VfB Stuttgart
106596.0,Sergi Darder,,Sergi Darder,100.0,auto,RCD Mallorca
391256.0,Kiernan Dewsbury-Hall,,Kiernan Dewsbury-Hall,100.0,auto,Everton FC
121192.0,Vincenzo Grifo,,Vincenzo Grifo,100.0,auto,SC Freiburg
436553.0,Igor Paixão,,Igor Paixão,100.0,auto,Olympique Marseille
231125.0,Viktor Tsygankov,,Viktor Tsygankov,100.0,auto,Girona FC
136824.0,Alex Iwobi,,Alex Iwobi,100.0,auto,Fulham FC
332325.0,Declan Rice,,Declan Rice,100.0,auto,Arsenal FC
369875.0,Dominik Szoboszlai,,Dominik Szoboszlai,100.0,auto,Liverpool FC
395321.0,Aimar Oroz,,Aimar Oroz,100.0,auto,CA Osasuna
137837.0,Franck Honorat,,Franck Honorat,100.0,auto,Borussia Mönchengladbach
392646.0,Karim Adeyemi,,Karim Adeyemi,100.0,auto,Borussia Dortmund
465388.0,João Neves,,João Neves,100.0,auto,Paris Saint-Germain
427283.0,Abde Ezzalzouli,,Abde Ezzalzouli,100.0,auto,Real Betis Balompié
394924.0,Fábio Vieira,,Fábio Vieira,100.0,auto,Hamburger SV
344644.0,Federico Valverde,,Federico Valverde,100.0,auto,Real Madrid
262856.0,Xaver Schlager,,Xaver Schlager,100.0,auto,RB Leipzig
532577.0,Johan Manzambi,,Johan Manzambi,100.0,auto,SC Freiburg
462111.0,Pape Diop,,Pape Demba Diop,85.5,auto,FC Toulouse
288883.0,Maxime Lopez,,Maxime Lopez,100.0,auto,Paris FC
406937.0,Carlos Álvarez,,Carlos Álvarez,100.0,auto,Levante UD
69344.0,Christian Eriksen,,Christian Eriksen,100.0,auto,VfL Wolfsburg
361284.0,Sofiane Diop,,Sofiane Diop,100.0,auto,OGC Nice
357073.0,Antoine Semenyo,,Antoine Semenyo,100.0,auto,Manchester City
350088.0,Callum Hudson-Odoi,,Callum Hudson-Odoi,100.0,auto,Nottingham Forest
444725.0,Farès Chaïbi,,Farès Chaïbi,100.0,auto,Eintracht Frankfurt
422918.0,Giuliano Simeone,,Giuliano Simeone,100.0,auto,Atlético de Madrid
381550.0,Rubén Vargas,,Rubén Vargas,100.0,auto,Sevilla FC
132962.0,Thomas Lemar,,Thomas Lemar,100.0,auto,Girona FC
444755.0,Kévin Danois,,Kévin Danois,100.0,auto,AJ Auxerre
464952.0,Peque Fernández,,Peque Fernández,100.0,auto,Sevilla FC
401107.0,Paul Nebel,,Paul Nebel,100.0,auto,1.FSV Mainz 05
438351.0,Martim Neto,,Martim Neto,100.0,auto,Elche CF
447584.0,Joel Chima Fujita,,Joel Chima Fujita,100.0,auto,FC St. Pauli
401073.0,Anton Stach,,Anton Stach,100.0,auto,Leeds United
548106.0,Víctor Muñoz,,Víctor Muñoz,100.0,auto,CA Osasuna
279320.0,Luis Milla,,Luis Milla,100.0,auto,Getafe CF
343382.0,Tijjani Reijnders,,Tijjani Reijnders,100.0,auto,Manchester City
581683.0,Jan Virgili,,Jan Virgili,100.0,auto,RCD Mallorca
398922.0,Tyrhys Dolan,,Tyrhys Dolan,100.0,auto,RCD Espanyol Barcelona
404193.0,Fabian Rieder,,Fabian Rieder,100.0,auto,FC Augsburg
468190.0,Arthur Avom,,Arthur Avom,100.0,auto,FC Lorient
231144.0,Valentin Rongier,,Valentin Rongier,100.0,auto,Stade Rennais FC
397465.0,Malik Tillman,,Malik Tillman,100.0,auto,Bayer 04 Leverkusen
362824.0,Morgan Rogers,,Morgan Rogers,100.0,auto,Aston Villa
369430.0,Enzo Fernández,,Enzo Fernández,100.0,auto,Chelsea FC
401352.0,Jakub Kaminski,,Jakub Kaminski,100.0,auto,1.FC Köln
427362.0,Kamory Doumbia,,Kamory Doumbia,100.0,auto,Stade Brestois 29
399574.0,Adam Karabec,,Adam Karabec,100.0,auto,Olympique Lyon
303268.0,Carles Aleñá,,Carles Aleñá,100.0,auto,Deportivo Alavés
381713.0,Luis Rioja,,Luis Rioja,100.0,auto,Valencia CF
483577.0,Dehmaine Tabibou,,Dehmaine Tabibou,100.0,auto,FC Nantes
447689.0,Lamine Camara,,Lamine Camara,100.0,auto,AS Monaco
362758.0,Matheus Cunha,,Matheus Cunha,100.0,auto,Manchester United
386634.0,Amad Diallo,,Amad Diallo,100.0,auto,Manchester United
403865.0,Yéremy Pino,,Yéremy Pino,100.0,auto,Crystal Palace
387125.0,Maximilian Beier,,Maximilian Beier,100.0,auto,Borussia Dortmund
400166.0,Mohammed Kudus,,Mohammed Kudus,100.0,auto,Tottenham Hotspur
280663.0,Aleix García,,Aleix García,100.0,auto,Bayer 04 Leverkusen
342857.0,Danny Namaso,,Danny Namaso,100.0,auto,AJ Auxerre
444242.0,Joel Roca,,Joel Roca,100.0,auto,Girona FC
390240.0,Germán Valera,,Germán Valera,100.0,auto,Elche CF
448211.0,Alberto Moleiro,,Alberto Moleiro,100.0,auto,Villarreal CF
431507.0,Javi Guerra,,Javi Guerra,100.0,auto,Valencia CF
377583.0,Hicham Boudaoui,,Hicham Boudaoui,100.0,auto,OGC Nice
115508.0,Morgan Sanson,,Morgan Sanson,100.0,auto,OGC Nice
382564.0,Crysencio Summerville,,Crysencio Summerville,100.0,auto,West Ham United
247995.0,Gonçalo Guedes,,Gonçalo Guedes,100.0,auto,Real Sociedad
134894.0,Corentin Tolisso,,Corentin Tolisso,100.0,auto,Olympique Lyon
381510.0,Oihan Sancet,,Oihan Sancet,100.0,auto,Athletic Bilbao
482049.0,Mamadou Coulibaly,,Mamadou Coulibaly,100.0,auto,AS Monaco
342811.0,Sean Longstaff,,Sean Longstaff,100.0,auto,Leeds United
472403.0,Yuito Suzuki,,Yuito Suzuki,100.0,auto,SC Freiburg
333044.0,Harry Wilson,,Harry Wilson,100.0,auto,Fulham FC
381643.0,Aleix Febas,,Aleix Febas,100.0,auto,Elche CF
313542.0,Carlos Soler,,Carlos Soler,100.0,auto,Real Sociedad
362433.0,Georginio Rutter,,Georginio Rutter,100.0,auto,Brighton & Hove Albion
475046.0,Haissem Hassan,,Haissem Hassan,100.0,auto,Real Oviedo
254562.0,Seko Fofana,,David Datro Fofana,85.5,auto,RC Strasbourg Alsace
514499.0,Adam Daghim,,Adam Daghim,100.0,auto,VfL Wolfsburg
119189.0,Rubén García,,Rubén García,100.0,auto,CA Osasuna
463938.0,Rodrigo Mendoza,,Rodrigo Mendoza,100.0,auto,Atlético de Madrid
442971.0,Mamadou Sangaré,,Mamadou Sangaré,100.0,auto,RC Lens
468855.0,Samuel Mbangula,,Samuel Mbangula,100.0,auto,SV Werder Bremen
369979.0,Christoph Baumgartner,,Christoph Baumgartner,100.0,auto,RB Leipzig
367803.0,Giorgi Tsitaishvili,,Giorgi Tsitaishvili,100.0,auto,FC Metz
401014.0,Rocco Reitz,,Rocco Reitz,100.0,auto,Borussia Mönchengladbach
136741.0,Bernardo Silva,,Bernardo Silva,100.0,auto,Manchester City
349102.0,Albert Sambi Lokonga,,Albert Sambi Lokonga,100.0,auto,Hamburger SV
366116.0,Iliman Ndiaye,,Iliman Ndiaye,100.0,auto,Everton FC
367783.0,Felix Nmecha,,Felix Nmecha,100.0,auto,Borussia Dortmund
260592.0,Emiliano Buendía,,Emiliano Buendía,100.0,auto,Aston Villa
495542.0,Ilyas Chaira,,Ilyas Chaira,100.0,auto,Real Oviedo
399047.0,Pape Gueye,,Pape Gueye,100.0,auto,Villarreal CF
431791.0,Cameron Puertas,,Cameron Puertas,100.0,auto,SV Werder Bremen
430774.0,Adam Wharton,,Adam Wharton,100.0,auto,Crystal Palace
425568.0,Tyler Morton,,Tyler Morton,100.0,auto,Olympique Lyon
379684.0,Filip Ugrinic,,Filip Ugrinic,100.0,auto,Valencia CF
80764.0,Koke,,Koke,100.0,auto,Atlético de Madrid
104011.0,Kevin Stöger,,Kevin Stöger,100.0,auto,Borussia Mönchengladbach
415345.0,Hugo Sotelo,,Hugo Sotelo,100.0,auto,Celta de Vigo
371012.0,Brenden Aaronson,,Brenden Aaronson,100.0,auto,Leeds United
445092.0,Pablo Torre,,Pablo Torre,100.0,auto,RCD Mallorca
202185.0,Moses Simon,,Moses Simon,100.0,auto,Paris FC
454749.0,Martial Godo,,Martial Godo,100.0,auto,RC Strasbourg Alsace
447231.0,Mateus Fernandes,,Mateus Fernandes,100.0,auto,West Ham United
323625.0,Arnaut Danjuma,,Arnaut Danjuma,100.0,auto,Valencia CF
140772.0,Pere Milla,,Pere Milla,100.0,auto,RCD Espanyol Barcelona
343501.0,Sandro Tonali,,Sandro Tonali,100.0,auto,Newcastle United
360502.0,Cristian Cásseres,,Cristian Cásseres Jr.,95.0,auto,FC Toulouse
398414.0,Dan Ndoye,,Dan Ndoye,100.0,auto,Nottingham Forest
377280.0,Jens Stage,,Jens Stage,100.0,auto,SV Werder Bremen
135345.0,Álvaro García,,Álvaro García,100.0,auto,Rayo Vallecano
386230.0,Jorge de Frutos,,Jorge de Frutos,100.0,auto,Rayo Vallecano
381673.0,Jon Moncayola,,Jon Moncayola,100.0,auto,CA Osasuna
371027.0,Tajon Buchanan,,Tajon Buchanan,100.0,auto,Villarreal CF
444254.0,Pablo Ibáñez,,Pablo Ibáñez,100.0,auto,Deportivo Alavés
349960.0,Mahdi Camara,,Mahdi Camara,100.0,auto,Stade Rennais FC
353193.0,Niklas Beste,,Niklas Beste,100.0,auto,SC Freiburg
101238.0,Moi Gómez,,Moi Gómez,100.0,auto,CA Osasuna
400610.0,Jaidon Anthony,,Jaidon Anthony,100.0,auto,Burnley FC
363686.0,Emile Smith Rowe,,Emile Smith Rowe,100.0,auto,Fulham FC
89401.0,Granit Xhaka,,Granit Xhaka,100.0,auto,Sunderland AFC
494147.0,Ilyas Ansah,,Ilyas Ansah,100.0,auto,1.FC Union Berlin
407260.0,Kevin Schade,,Kevin Schade,100.0,auto,Brentford FC
438297.0,Dermane Karim,,Dermane Karim,100.0,auto,FC Lorient
369887.0,Lovro Majer,,Lovro Majer,100.0,auto,VfL Wolfsburg
142959.0,Lee Jae-Sung,,Jae-sung Lee,87.1,auto,1.FSV Mainz 05
425142.0,Kaoru Mitoma,,Kaoru Mitoma,100.0,auto,Brighton & Hove Albion
397568.0,Calebe,,Calebe,100.0,auto,Deportivo Alavés
362735.0,Santi Comesaña,,Santi Comesaña,100.0,auto,Villarreal CF
406062.0,Ísak Bergmann Jóhannesson,,Ísak Jóhannesson,85.5,auto,1.FC Köln
398393.0,Enzo Le Fée,,Enzo Le Fée,100.0,auto,Sunderland AFC
262838.0,Takumi Minamino,,Takumi Minamino,100.0,auto,AS Monaco
515865.0,Josh King,,Josh King,100.0,auto,Fulham FC
362423.0,Javi Puado,,Javi Puado,100.0,auto,RCD Espanyol Barcelona
438661.0,Rassoul Ndiaye,,Rassoul Ndiaye,100.0,auto,Le Havre AC
255182.0,Iñaki Williams,,Iñaki Williams,100.0,auto,Athletic Bilbao
353423.0,Aurélien Tchouaméni,,Aurélien Tchouaméni,100.0,auto,Real Madrid
28186.0,Dani Parejo,,Dani Parejo,100.0,auto,Villarreal CF
422183.0,Dango Ouattara,,Dango Ouattara,100.0,auto,Brentford FC
332403.0,Eberechi Eze,,Eberechi Eze,100.0,auto,Arsenal FC
411433.0,Ezequiél Fernández,,Equi Fernández,87.5,auto,Bayer 04 Leverkusen
395187.0,Juanlu Sánchez,,Juanlu Sánchez,100.0,auto,Sevilla FC
444509.0,Johann Lepenant,,Johann Lepenant,100.0,auto,FC Nantes
278125.0,Grischa Prömel,,Grischa Prömel,100.0,auto,TSG 1899 Hoffenheim
388505.0,Lucien Agoumé,,Lucien Agoumé,100.0,auto,Sevilla FC
344166.0,Daichi Kamada,,Daichi Kamada,100.0,auto,Crystal Palace
306637.0,Niklas Dorsch,,Niklas Dorsch,100.0,auto,1.FC Heidenheim 1846
302889.0,Pepelu,,Pepelu,100.0,auto,Valencia CF
318449.0,John McGinn,,John McGinn,100.0,auto,Aston Villa
509815.0,Kaishu Sano,,Kaishu Sano,100.0,auto,1.FSV Mainz 05
511597.0,Noah Cadiou,,Noah Cadiou,100.0,auto,FC Lorient
106525.0,Denis Suárez,,Denis Suárez,100.0,auto,Deportivo Alavés
92051.0,Marcel Sabitzer,,Marcel Sabitzer,100.0,auto,Borussia Dortmund
446133.0,Diego Gómez,,Diego Gómez,100.0,auto,Brighton & Hove Albion
422365.0,Jobe Bellingham,,Jobe Bellingham,100.0,auto,Borussia Dortmund
541871.0,Jon Gorrotxategi,,Jon Gorrotxategi,100.0,auto,Real Sociedad
301243.0,Pierre Lees-Melou,,Pierre Lees-Melou,100.0,auto,Paris FC
477122.0,Yassine Kechta,,Yassine Kechta,100.0,auto,Le Havre AC
418588.0,Alexander Prass,,Alexander Prass,100.0,auto,TSG 1899 Hoffenheim
369109.0,Eduardo Camavinga,,Eduardo Camavinga,100.0,auto,Real Madrid
437775.0,Junior Mwanga,,Junior Mwanga,100.0,auto,RC Strasbourg Alsace
88526.0,Casemiro,,Casemiro,100.0,auto,Manchester United
322670.0,Ismaïla Sarr,,Ismaïla Sarr,100.0,auto,Crystal Palace
448231.0,Roger Brugué,,Roger Brugué,100.0,auto,Levante UD
322596.0,Jarrod Bowen,,Jarrod Bowen,100.0,auto,West Ham United
403693.0,João Gomes,,João Gomes,100.0,auto,Wolverhampton Wanderers
367182.0,Tom Krauß,,Tom Krauß,100.0,auto,1.FC Köln
393137.0,Lucas Gourna-Douath,,Lucas Gourna-Douath,100.0,auto,Le Havre AC
443796.0,Hugo Larsson,,Hugo Larsson,100.0,auto,Eintracht Frankfurt
463233.0,Mateo Joseph,,Mateo Joseph,100.0,auto,RCD Mallorca
382590.0,Ilia Gruev,,Ilia Gruev,100.0,auto,Leeds United
479902.0,Tom Louchet,,Tom Louchet,100.0,auto,OGC Nice
366868.0,Woo-yeong Jeong,,Woo-yeong Jeong,100.0,auto,1.FC Union Berlin
431302.0,Louis Mouton,,Louis Mouton,100.0,auto,Angers SCO
463821.0,Alberto Reina,,Alberto Reina,100.0,auto,Real Oviedo
402665.0,Kristijan Jakic,,Kristijan Jakic,100.0,auto,FC Augsburg
108638.0,Will Hughes,,Will Hughes,100.0,auto,Crystal Palace
365831.0,Han-Noah Massengo,,Han-Noah Massengo,100.0,auto,FC Augsburg
317630.0,Djibril Sow,,Djibril Sow,100.0,auto,Sevilla FC
303016.0,Mauro Arambarri,,Mauro Arambarri,100.0,auto,Getafe CF
393096.0,Tanner Tessmann,,Tanner Tessmann,100.0,auto,Olympique Lyon
300634.0,Jean-Victor Makengo,,Jean-Victor Makengo,100.0,auto,FC Lorient
455785.0,Aljoscha Kemlein,,Aljoscha Kemlein,100.0,auto,1.FC Union Berlin
372473.0,Iván Martín,,Iván Martín,100.0,auto,Girona FC
122346.0,Laurent Abergel,,Laurent Abergel,100.0,auto,FC Lorient
409467.0,Antonio Blanco,,Antonio Blanco,100.0,auto,Deportivo Alavés
382157.0,Pol Lozano,,Pol Lozano,100.0,auto,RCD Espanyol Barcelona
462768.0,Miguel Román,,Miguel Román,100.0,auto,Celta de Vigo
386612.0,Boubacar Traoré,,Boubacar Traoré,100.0,auto,FC Metz
409030.0,Ilaix Moriba,,Ilaix Moriba,100.0,auto,Celta de Vigo
322418.0,Ethan Ampadu,,Ethan Ampadu,100.0,auto,Leeds United
471047.0,Mario Martín,,Mario Martín,100.0,auto,Getafe CF
512740.0,Samir El Mourabet,,Samir El Mourabet,100.0,auto,RC Strasbourg Alsace
510234.0,Leon Avdullahu,,Leon Avdullahu,100.0,auto,TSG 1899 Hoffenheim
422656.0,Diego López,,Diego López,100.0,auto,Valencia CF
401079.0,Jan Schöppner,,Jan Schöppner,100.0,auto,1.FC Heidenheim 1846
486033.0,Simon Ebonog,,Simon Ebonog,100.0,auto,Le Havre AC
400142.0,Charles Vanhoutte,,Charles Vanhoutte,100.0,auto,OGC Nice
486768.0,Louis Oppie,,Louis Oppie,100.0,auto,FC St. Pauli
372424.0,Martín Zubimendi,,Martín Zubimendi,100.0,auto,Arsenal FC
511559.0,Adama Camara,,Adama Camara,100.0,auto,Paris FC
418587.0,Nicolas Seiwald,,Nicolas Seiwald,100.0,auto,RB Leipzig
201755.0,Joelinton,,Joelinton,100.0,auto,Newcastle United
420405.0,Senne Lynen,,Senne Lynen,100.0,auto,SV Werder Bremen
437449.0,Noah Sadiki,,Noah Sadiki,100.0,auto,Sunderland AFC
404336.0,Eric Martel,,Eric Martel,100.0,auto,1.FC Köln
369712.0,Florentino,,Florentino,100.0,auto,Burnley FC
362421.0,Fran Beltrán,,Fran Beltrán,100.0,auto,Girona FC
442253.0,Julian Niehues,,Julian Niehues,100.0,auto,1.FC Heidenheim 1846
391316.0,Batista Mendy,,Batista Mendy,100.0,auto,Sevilla FC
434710.0,Yassin Belkhdim,,Yassin Belkhdim,100.0,auto,Angers SCO
273292.0,Josh Cullen,,Josh Cullen,100.0,auto,Burnley FC
434179.0,Yannik Engelhardt,,Yannik Engelhardt,100.0,auto,Borussia Mönchengladbach
604365.0,Kareem Tunde,,Kareem Tunde,100.0,auto,Levante UD
391562.0,Samú Costa,,Samú Costa,100.0,auto,RCD Mallorca
25191.0,Axel Witsel,,Axel Witsel,100.0,auto,Girona FC
459677.0,Pablo Marín,,Pablo Marín,100.0,auto,Real Sociedad
249960.0,Lucas Torró,,Lucas Torró,100.0,auto,CA Osasuna
322774.0,João Palhinha,,João Palhinha,100.0,auto,Tottenham Hotspur
345160.0,James Sands,,James Sands,100.0,auto,FC St. Pauli
369687.0,András Schäfer,,András Schäfer,100.0,auto,1.FC Union Berlin
404616.0,Lesley Ugochukwu,,Lesley Ugochukwu,100.0,auto,Burnley FC
397585.0,André,,André,100.0,auto,Wolverhampton Wanderers
345661.0,Jessy Deminguet,,Jessy Deminguet,100.0,auto,FC Metz
485118.0,Nicolai Remberg,,Nicolai Remberg,100.0,auto,Hamburger SV
345988.0,Elisha Owusu,,Elisha Owusu,100.0,auto,AJ Auxerre
362623.0,Oriol Rey,,Oriol Rey,100.0,auto,Levante UD
110266.0,Rani Khedira,,Rani Khedira,100.0,auto,1.FC Union Berlin
236553.0,Haris Belkebla,,Haris Belkebla,100.0,auto,Angers SCO
319756.0,Lucas Paquetá,,Lucas Tolentino Coelho de Lima,100.0,manual,Clube Regatas Flamengo
399019.0,Cheikh Sabaly,,Cheikh Tidiane Sabaly,100.0,manual,Vancouver Whitecaps FC
462861.0,Carlos Vicente,,Carlos Vicente Robles,100.0,manual,Birmingham City
129819.0,Wesley Saïd,,Wesley Saïd,100.0,auto,RC Lens
384887.0,Vitinha,,Vitinha,100.0,auto,Paris Saint-Germain
